id,input,expected,task,model_output,model,prompt_used,success
0,"def do_deploy(archive_path):
    """"""Distributes an archive to a web server.
    Args:
        archive_path (str): The path of the archive to distribute.
    Returns:
        If the file doesn't exist at archive_path or an error occurs - False.
        Otherwise - True.
    """"""","Distributes an archive to a web server.
    Args:
        archive_path (str): The path of the archive to distribute.
    Returns:
        If the file doesn't exist at archive_path or an error occurs - False.
        Otherwise - True.",comment_generation,"Args:
archive_path (str): The path of the archive to distribute.
Returns:
If the file doesn't exist at archive_path or an error occurs - False. Otherwise - True.",deepseek-coder:6.7b,,True
1,"def __init__(self, symbol, config_file=""config.yaml""):
        """"""
        Initializes the EnhancedTradingBot with configurations and exchange setup.

        Args:
            symbol (str): Trading symbol (e.g., 'BTC/USDT').
            config_file (str): Path to the configuration YAML file.
        """"""","Initializes the EnhancedTradingBot with configurations and exchange setup.

        Args:
            symbol (str): Trading symbol (e.g., 'BTC/USDT').
            config_file (str): Path to the configuration YAML file.",comment_generation,"Args:
    symbol (str): Trading symbol (e.g., 'BTC/USDT').
    config_file (str): Path to the configuration YAML file.",deepseek-coder:6.7b,,True
2,"def write_srt(transcript, file):
    """"""
    Write a transcript to a file in SRT format.

    """"""",Write a transcript to a file in SRT format.,comment_generation,"Args:
- transcript (str): The transcript to be written in SRT format.
- file (file object): The file to write the transcript into.
Returns:
- None",deepseek-coder:6.7b,,True
3,"def process_language_arg(language: str, model_name: str):
    """"""
    Process the language argument to make sure it's valid and convert language names to language codes.
    """"""",Process the language argument to make sure it's valid and convert language names to language codes.,comment_generation,"Args:
    language (str): The input language string for validation and conversion into a language code
    model_name (str): The name of the model that needs to be processed
Returns:
    tuple: A tuple containing the converted language code or an empty string if the provided language is not valid, along with a flag indicating whether the input language was invalid.",deepseek-coder:6.7b,,True
4,"def _init_standard_capabilities(self):
        """"""Create a dictionary of Cinder standard capabilities.

        This method creates a dictionary of Cinder standard capabilities
        and returns the created dictionary.
        The keys of this dictionary don't contain prefix and separator(:).
        """"""","Create a dictionary of Cinder standard capabilities.

        This method creates a dictionary of Cinder standard capabilities
        and returns the created dictionary.
        The keys of this dictionary don't contain prefix and separator(:).",comment_generation,"Args:
    self: instance of this class
Returns:
    dict: A dictionary of Cinder standard capabilities without any prefix or separator.",deepseek-coder:6.7b,,True
5,"def copy_image_to_volume(self, context, volume, image_service, image_id,
                             disable_sparse=False):
        """"""Fetch image from image_service and write to unencrypted volume.

        This does not attach an encryptor layer when connecting to the volume.
        """"""","Fetch image from image_service and write to unencrypted volume.

        This does not attach an encryptor layer when connecting to the volume.",comment_generation,"Args:
    context: The security context used for fetching the image from the image service.
    volume: The cinder volume where the image will be copied into.
    image_service: The service to fetch the image from.
    image_id: ID of the image in the image service that needs to be copied.
    disable_sparse: Flag to indicate if sparse file copy is disabled (Default is False).
Returns: None",deepseek-coder:6.7b,,True
6,"def copy_image_to_encrypted_volume(
            self, context, volume, image_service, image_id,
            disable_sparse=False):
        """"""Fetch image from image_service and write to encrypted volume.

        This attaches the encryptor layer when connecting to the volume.
        """"""","Fetch image from image_service and write to encrypted volume.

        This attaches the encryptor layer when connecting to the volume.",comment_generation,"Args:
    context: The current request context.
    volume: The volume where the image data will be stored.
    image_service: The service that provides images.
    image_id: The ID of the image to fetch from the image_service.
    disable_sparse: A flag indicating whether to disable sparse file support (default is False).
Returns: None",deepseek-coder:6.7b,,True
7,"def _copy_image_data_to_volume(self, context, volume, image_service,
                                   image_id, encrypted=False,
                                   disable_sparse=False):
        """"""Fetch the image from image_service and write it to the volume.""""""",Fetch the image from image_service and write it to the volume.,comment_generation,"Args:
    context: The request context that contains user information for auditing purposes.
    volume: Volume instance where data will be written.
    image_service: Service that handles fetching of images.
    image_id: ID of the image to fetch from the service and write into the volume.
    encrypted: Boolean flag indicating if the image should be encrypted before writing it to the volume. Default is False.
    disable_sparse: Boolean flag indicating if sparse file support should be disabled when writing data. Default is False.
Returns: None",deepseek-coder:6.7b,,True
8,"def get_filter_function(self):
        """"""Get filter_function string.

        Returns either the string from the driver instance or global section
        in cinder.conf. If nothing is specified in cinder.conf, then try to
        find the default filter_function. When None is returned the scheduler
        will always pass the driver instance.

        :returns: a filter_function string or None
        """"""","Get filter_function string.

        Returns either the string from the driver instance or global section
        in cinder.conf. If nothing is specified in cinder.conf, then try to
        find the default filter_function. When None is returned the scheduler
        will always pass the driver instance.

        :returns: a filter_function string or None",comment_generation,"Args:
    self: The instance of the",deepseek-coder:6.7b,,True
9,"def get_goodness_function(self):
        """"""Get good_function string.

        Returns either the string from the driver instance or global section
        in cinder.conf. If nothing is specified in cinder.conf, then try to
        find the default goodness_function. When None is returned the scheduler
        will give the lowest score to the driver instance.

        :returns: a goodness_function string or None
        """"""","Get good_function string.

        Returns either the string from the driver instance or global section
        in cinder.conf. If nothing is specified in cinder.conf, then try to
        find the default goodness_function. When None is returned the scheduler
        will give the lowest score to the driver instance.

        :returns: a goodness_function string or None",comment_generation,"Args:
    self: Instance of the",deepseek-coder:6.7b,,True
10,"def get_default_filter_function(self):
        """"""Get the default filter_function string.

        Each driver could overwrite the method to return a well-known
        default string if it is available.

        :returns: None
        """"""","Get the default filter_function string.

        Each driver could overwrite the method to return a well-known
        default string if it is available.

        :returns: None",comment_generation,"Args:
    self
Returns:
    str: Default filter function as a string",deepseek-coder:6.7b,,True
11,"def get_default_goodness_function(self):
        """"""Get the default goodness_function string.

        Each driver could overwrite the method to return a well-known
        default string if it is available.

        :returns: None
        """"""","Get the default goodness_function string.

        Each driver could overwrite the method to return a well-known
        default string if it is available.

        :returns: None",comment_generation,"Args:
    self: The instance of the",deepseek-coder:6.7b,,True
12,"def backup_use_temp_snapshot(self):
        """"""Get the configured setting for backup from snapshot.

        If an inheriting driver does not support this operation,
        the driver should override this method to return false
        and log a warning letting the administrator know they
        have configured something that cannot be done.
        """"""","Get the configured setting for backup from snapshot.

        If an inheriting driver does not support this operation,
        the driver should override this method to return false
        and log a warning letting the administrator know they
        have configured something that cannot be done.",comment_generation,"Args:
    self
Returns:
    str: A string indicating whether backup from snapshot is supported or not.",deepseek-coder:6.7b,,True
13,"def get_backup_device(self, context, backup):
        """"""Get a backup device from an existing volume.

        The function returns a volume or snapshot to backup service,
        and then backup service attaches the device and does backup.
        """"""","Get a backup device from an existing volume.

        The function returns a volume or snapshot to backup service,
        and then backup service attaches the device and does backup.",comment_generation,"Args:
    context: A dictionary containing all information required for creating volumes/snapshots.
    backup: An instance of a",deepseek-coder:6.7b,,True
14,"def _get_backup_volume_temp_volume(self, context, backup):
        """"""Return a volume to do backup.

        To backup a snapshot, create a temp volume from the snapshot and
        back it up.

        Otherwise to backup an in-use volume, create a temp volume and
        back it up.
        """"""","Return a volume to do backup.

        To backup a snapshot, create a temp volume from the snapshot and
        back it up.

        Otherwise to backup an in-use volume, create a temp volume and
        back it up.",comment_generation,"Args:
    context: The context information for the operation.
    backup: The backup object that contains details about the backup task.
Returns:
    str: A message describing the status of the backup task.",deepseek-coder:6.7b,,True
15,"def _get_backup_volume_temp_snapshot(self, context, backup):
        """"""Return a device to backup.

        If it is to backup from snapshot, back it up directly.

        Otherwise for in-use volume, create a temp snapshot and back it up.
        """"""","Return a device to backup.

        If it is to backup from snapshot, back it up directly.

        Otherwise for in-use volume, create a temp snapshot and back it up.",comment_generation,"Args:
    context: The security context of the caller.
    backup: A dictionary containing details about the backup to be taken. 
Returns:
    dict: Returns a device on which the backup needs to take place. If it is to backup from snapshot, back it up directly otherwise for in-use volume, create a temp snapshot and back it up.",deepseek-coder:6.7b,,True
16,"def update_migrated_volume(self, ctxt, volume, new_volume,
                               original_volume_status):
        """"""Return model update for migrated volume.

        Refer to
        :obj:`cinder.interface.volume_driver.VolumeDriverCore.update_migrated_volume`
        for additional information.
        """"""","Return model update for migrated volume.

        Refer to
        :obj:`cinder.interface.volume_driver.VolumeDriverCore.update_migrated_volume`
        for additional information.",comment_generation,"Args:
    ctxt: Authentication context
    volume: Volume to be updated
    new_volume: Updated volume details
    original_volume_status: The status of the original volume
Returns:
    model update for migrated volume",deepseek-coder:6.7b,,True
17,"def create_export(self, context, volume, connector):
        """"""Exports the volume.

        Can optionally return a Dictionary of changes
        to the volume object to be persisted.
        """"""","Exports the volume.

        Can optionally return a Dictionary of changes
        to the volume object to be persisted.",comment_generation,"Args:
    context: A dictionary that contains contextual information about the current process.
    volume: The volume to be exported. This could be a filename or a directory name, depending on the specific export implementation.
    connector: An instance of an ExportConnector sub",deepseek-coder:6.7b,,True
18,"def create_export_snapshot(self, context, snapshot, connector):
        """"""Exports the snapshot.

        Can optionally return a Dictionary of changes
        to the snapshot object to be persisted.
        """"""","Exports the snapshot.

        Can optionally return a Dictionary of changes
        to the snapshot object to be persisted.",comment_generation,"Args:
    context: The context for exporting the snapshot.
    snapshot: The snapshot object to be exported.
    connector: Connector instance used to communicate with external systems.
Returns:
    dict: A dictionary of changes made to the snapshot object if any, otherwise None.",deepseek-coder:6.7b,,True
19,"def get_pool(self, volume):
        """"""Return pool name where volume reside on.

        :param volume: The volume hosted by the driver.
        :returns: name of the pool where given volume is in.
        """"""","Return pool name where volume reside on.

        :param volume: The volume hosted by the driver.
        :returns: name of the pool where given volume is in.",comment_generation,"Args:
    volume: The volume hosted by the driver.
Returns:
    str: name of the pool where given volume is in.",deepseek-coder:6.7b,,True
20,"def update_provider_info(self, volumes, snapshots):
        """"""Get provider info updates from driver.

        :param volumes: List of Cinder volumes to check for updates
        :param snapshots: List of Cinder snapshots to check for updates
        :returns: tuple (volume_updates, snapshot_updates)

        where volume updates {'id': uuid, provider_id: <provider-id>}
        and snapshot updates {'id': uuid, provider_id: <provider-id>}
        """"""","Get provider info updates from driver.

        :param volumes: List of Cinder volumes to check for updates
        :param snapshots: List of Cinder snapshots to check for updates
        :returns: tuple (volume_updates, snapshot_updates)

        where volume updates {'id': uuid, provider_id: <provider-id>}
        and snapshot updates {'id': uuid, provider_id: <provider-id>}",comment_generation,"Args:
    volumes: List of Cinder volumes to check for updates
    snapshots: List of Cinder snapshots to check for updates
Returns:
    tuple: (volume_updates, snapshot_updates) where volume updates 
           {'id': uuid, provider_id: <provider-id>} and 
           snapshot updates {'id': uuid, provider_id: <provider-id>}",deepseek-coder:6.7b,,True
21,"def enable_replication(self, context, group, volumes):
        """"""Enables replication for a group and volumes in the group.

        :param group: group object
        :param volumes: list of volume objects in the group
        :returns: model_update - dict of group updates
        :returns: volume_model_updates - list of dicts of volume updates
        """"""","Enables replication for a group and volumes in the group.

        :param group: group object
        :param volumes: list of volume objects in the group
        :returns: model_update - dict of group updates
        :returns: volume_model_updates - list of dicts of volume updates",comment_generation,"Args:
    context: authentication context for enabling replication
    group: group object for which to enable replication
    volumes: list of volume objects in the group for which to enable replication
Returns:
    model_update - dict of group updates resulting from enabling replication
    volume_model_updates - list of dicts of volume updates resulting from enabling replication",deepseek-coder:6.7b,,True
22,"def disable_replication(self, context, group, volumes):
        """"""Disables replication for a group and volumes in the group.

        :param group: group object
        :param volumes: list of volume objects in the group
        :returns: model_update - dict of group updates
        :returns: volume_model_updates - list of dicts of volume updates
        """"""","Disables replication for a group and volumes in the group.

        :param group: group object
        :param volumes: list of volume objects in the group
        :returns: model_update - dict of group updates
        :returns: volume_model_updates - list of dicts of volume updates",comment_generation,"Args:
    context (object): The context object that contains necessary information for executing the function.
    group (object): The group object whose replication needs to be disabled.
    volumes (list): A list of volume objects in the group whose replication needs to be disabled.
Returns:
    model_update (dict): A dictionary containing updates related to the group that disables its replication.
    volume_model_updates (list): A list of dictionaries, each containing updates for a specific volume that disables its replication.",deepseek-coder:6.7b,,True
23,"def failover_replication(self, context, group, volumes,
                             secondary_backend_id=None):
        """"""Fails over replication for a group and volumes in the group.

        :param group: group object
        :param volumes: list of volume objects in the group
        :param secondary_backend_id: backend_id of the secondary site
        :returns: model_update - dict of group updates
        :returns: volume_model_updates - list of dicts of volume updates
        """"""","Fails over replication for a group and volumes in the group.

        :param group: group object
        :param volumes: list of volume objects in the group
        :param secondary_backend_id: backend_id of the secondary site
        :returns: model_update - dict of group updates
        :returns: volume_model_updates - list of dicts of volume updates",comment_generation,"Args:
    group: group object
    volumes: list of volume objects in the group
    secondary_backend_id: backend_id of the secondary site
Returns:
    model_update - dict of group updates
    volume_model_updates - list of dicts of volume updates",deepseek-coder:6.7b,,True
24,"def supports_replication_feature(cls, feature):
        """"""Check if driver class supports replication features.

        Feature is a string that must be one of:
            - v2.1
            - a/a
        """"""","Check if driver class supports replication features.

        Feature is a string that must be one of:
            - v2.1
            - a/a",comment_generation,"Args:
    cls: Driver",deepseek-coder:6.7b,,True
25,"def create_volume_from_backup(self, volume, backup):
        """"""Creates a volume from a backup.

        Can optionally return a Dictionary of changes to the volume object to
        be persisted.

        :param volume: the volume object to be created.
        :param backup: the backup object as source.
        :returns: volume_model_update
        """"""","Creates a volume from a backup.

        Can optionally return a Dictionary of changes to the volume object to
        be persisted.

        :param volume: the volume object to be created.
        :param backup: the backup object as source.
        :returns: volume_model_update",comment_generation,"""Creates a volume from a backup. Can optionally return a Dictionary of changes to the volume object to be persisted.""",deepseek-coder:6.7b,,True
26,"def manage_existing_get_size(self, volume, existing_ref):
        """"""Return size of volume to be managed by manage_existing.

        When calculating the size, round up to the next GB.

        :param volume:       Cinder volume to manage
        :param existing_ref: Driver-specific information used to identify a
                             volume
        :returns size:       Volume size in GiB (integer)
        """"""","Return size of volume to be managed by manage_existing.

        When calculating the size, round up to the next GB.

        :param volume:       Cinder volume to manage
        :param existing_ref: Driver-specific information used to identify a
                             volume
        :returns size:       Volume size in GiB (integer)",comment_generation,"Args:
    volume: Cinder volume to manage
    existing_ref: Driver-specific information used to identify a volume
Returns:
    size: Volume size in GiB (integer)",deepseek-coder:6.7b,,True
27,"def manage_existing_snapshot_get_size(self, snapshot, existing_ref):
        """"""Return size of snapshot to be managed by manage_existing.

        When calculating the size, round up to the next GB.

        :param snapshot:     Cinder volume snapshot to manage
        :param existing_ref: Driver-specific information used to identify a
                             volume snapshot
        :returns size:       Volume snapshot size in GiB (integer)
        """"""","Return size of snapshot to be managed by manage_existing.

        When calculating the size, round up to the next GB.

        :param snapshot:     Cinder volume snapshot to manage
        :param existing_ref: Driver-specific information used to identify a
                             volume snapshot
        :returns size:       Volume snapshot size in GiB (integer)",comment_generation,"Args:
    snapshot: Cinder volume snapshot to manage
    existing_ref: Driver-specific information used to identify a volume snapshot
Returns:
    size: Volume snapshot size in GiB (integer)",deepseek-coder:6.7b,,True
28,"def revert_to_snapshot(self, context, volume, snapshot):
        """"""Revert volume to snapshot.

        Note: the revert process should not change the volume's
        current size, that means if the driver shrank
        the volume during the process, it should extend the
        volume internally.
        """"""","Revert volume to snapshot.

        Note: the revert process should not change the volume's
        current size, that means if the driver shrank
        the volume during the process, it should extend the
        volume internally.",comment_generation,"Args:
    context: Context object
    volume: Volume object
    snapshot: Snapshot object to revert to
Returns:
    None",deepseek-coder:6.7b,,True
29,"def _get_driver(self):
        """"""Returns the actual driver object.

        Can be overloaded by the proxy.
        """"""","Returns the actual driver object.

        Can be overloaded by the proxy.",comment_generation,"Args:
    parameter_name: description of the parameter if needed, else leave blank
Returns:
    type: _get_driver method returns an object of actual driver",deepseek-coder:6.7b,,True
30,"def validate_connector(self, connector):
        """"""Fail if connector doesn't contain all the data needed by driver.

        Do a check on the connector and ensure that it has wwnns, wwpns.
        """"""","Fail if connector doesn't contain all the data needed by driver.

        Do a check on the connector and ensure that it has wwnns, wwpns.",comment_generation,"Args:
    connector: A dictionary representing the connector to be validated for necessary data.
Returns:
    None if all required data is present in the connector; raises an error otherwise.",deepseek-coder:6.7b,,True
31,"def factory(name, baseurls=None, mirrorlist=None):
    """""" Generate a pakrat.yumbase.YumBase object on-the-fly.

    This makes it possible to mirror YUM repositories without having any stored
    configuration anywhere. Simply pass in the name of the repository, and
    either one or more baseurl's or a mirrorlist URL, and you will get an
    object in return that you can pass to a mirroring function.
    """"""","Generate a pakrat.yumbase.YumBase object on-the-fly.

    This makes it possible to mirror YUM repositories without having any stored
    configuration anywhere. Simply pass in the name of the repository, and
    either one or more baseurl's or a mirrorlist URL, and you will get an
    object in return that you can pass to a mirroring function.",comment_generation,,deepseek-coder:6.7b,,True
32,"def retrieve_group_comps(repo):
    """""" Retrieve group comps XML data from a remote repository.

    This data can be used while running createrepo to provide package groups
    data that clients can use while installing software.
    """"""","Retrieve group comps XML data from a remote repository.

    This data can be used while running createrepo to provide package groups
    data that clients can use while installing software.",comment_generation,"Args:
    repo: Remote repository from where group comps XML data is retrieved.
Returns:
    str: Group comps XML data fetched from remote repository.",deepseek-coder:6.7b,,True
33,"def sync(repo, dest, version, delete=False, combined=False, yumcallback=None,
         repocallback=None):
    """""" Sync repository contents from a remote source.

    Accepts a repository, destination path, and an optional version, and uses
    the YUM client library to download all available packages from the mirror.
    If the delete flag is passed, any packages found on the local filesystem
    which are not present in the remote repository will be deleted.
    """"""","Sync repository contents from a remote source.

    Accepts a repository, destination path, and an optional version, and uses
    the YUM client library to download all available packages from the mirror.
    If the delete flag is passed, any packages found on the local filesystem
    which are not present in the remote repository will be deleted.",comment_generation,"Args:
    repo: Path to the Yum repository that needs to be synced from a remote source.
    dest: Destination path for downloading and storing the packages.
    version: Version of the software being installed.
    delete (optional): A flag indicating whether any local files found not in the repository should be deleted or not. Default is False.
    combined (optional): A flag indicating if the Yum client should use a combined repo layout, which has one big tree for everything. Default is False.
    yumcallback: Callback function to handle output from the Yum command. Default is None.
    repocallback: Callback function to handle repository commands. Default is None.
Returns: The docstring does not return anything, it only performs actions and modifies data based on the input parameters. It returns nothing when completed.",deepseek-coder:6.7b,,True
34,"def callback(callback_obj, repo, event, data=None):
    """""" Abstracts calling class callbacks.

    Since callbacks are optional, a function should check if the callback is
    set or not, and then call it, so we don't repeat this code many times.
    """"""","Abstracts calling class callbacks.

    Since callbacks are optional, a function should check if the callback is
    set or not, and then call it, so we don't repeat this code many times.",comment_generation,"Args:
    callback_obj: The object that has the method to be called.
    repo: The repository being manipulated by the event.
    event: The type of event triggering this callback.
    data: Any additional data provided with the event (optional).
Returns:
    None",deepseek-coder:6.7b,,True
35,"def __init__(self, message: str, **kwargs):
        """"""
        :param message: A message informing the user that document tags are still being processed.
        :type message: str
        """"""",":param message: A message informing the user that document tags are still being processed.
        :type message: str",comment_generation,"Args:
    message: A message informing the user that document tags are still being processed.
Returns: None",deepseek-coder:6.7b,,True
36,"def rodrigues_vec_to_matrix(rot_vecs, dtype=torch.float32):
    """"""
    Calculates the rotation matrices for a batch of rotation vectors
    referenced from https://github.com/mkocabas/VIBE/blob/master/lib/utils/geometry.py
    :param rot_vecs (*, 3) axis-angle vectors
    :returns rot_mats (*, 3, 3)
    """"""","Calculates the rotation matrices for a batch of rotation vectors
    referenced from https://github.com/mkocabas/VIBE/blob/master/lib/utils/geometry.py
    :param rot_vecs (*, 3) axis-angle vectors
    :returns rot_mats (*, 3, 3)",comment_generation,"Args:
    rot_vecs (*, 3): Axis-angle vectors used for rotation calculations.
Returns:
    (*, 3, 3): Rotation matrices calculated based on input axis-angle vectors.",deepseek-coder:6.7b,,True
37,"def matrix_to_axis_angle(matrix):
    """"""
    Convert rotation matrix to Rodrigues vector
    """"""",Convert rotation matrix to Rodrigues vector,comment_generation,"Args:
    matrix: A 3x3 rotation matrix in row-major order
Returns:
    axis_angle: A list of [x, y, z, angle] representing the axis and angle of rotation",deepseek-coder:6.7b,,True
38,"def axis_angle_to_cont_6d(rot_vec):
    """"""
    :param rot_vec (*, 3)
    :returns 6d vector (*, 6)
    """"""",":param rot_vec (*, 3)
    :returns 6d vector (*, 6)",comment_generation,"Args:
    rot_vec: Axis-angle representation of rotation in (*, 3).
Returns:
    6D vector representing continuous rotation in (*, 6).",deepseek-coder:6.7b,,True
39,"def matrix_to_cont_6d(matrix):
    """"""
    :param matrix (*, 3, 3)
    :returns 6d vector (*, 6)
    """"""",":param matrix (*, 3, 3)
    :returns 6d vector (*, 6)",comment_generation,"""Args:\n    matrix (*, 3, 3)\n\nReturns:\n    6d vector (*, 6)""",deepseek-coder:6.7b,,True
40,"def cont_6d_to_matrix(cont_6d):
    """"""
    :param 6d vector (*, 6)
    :returns matrix (*, 3, 3)
    """"""",":param 6d vector (*, 6)
    :returns matrix (*, 3, 3)",comment_generation,"Args:
    cont_6d: A 1D array of size (*, 6).
(blank line)
Returns:
    A 2D array of size (*, 3, 3), where each row is a 3x3 matrix corresponding to the cont_6d vector.",deepseek-coder:6.7b,,True
41,"def quaternion_to_axis_angle(quaternion, eps=1e-5):
    """"""
    This function is borrowed from https://github.com/kornia/kornia

    Convert quaternion vector to angle axis of rotation.
    Adapted from ceres C++ library: ceres-solver/include/ceres/rotation.h

    :param quaternion (*, 4) expects WXYZ
    :returns axis_angle (*, 3)
    """"""","This function is borrowed from https://github.com/kornia/kornia

    Convert quaternion vector to angle axis of rotation.
    Adapted from ceres C++ library: ceres-solver/include/ceres/rotation.h

    :param quaternion (*, 4) expects WXYZ
    :returns axis_angle (*, 3)",comment_generation,"Args:
    quaternion: A numpy array of shape (*, 4), where * is any number of additional dimensions. This should contain WXYZ order of the quaternion.
    eps: Optional parameter to avoid division by zero in case the norm of the axis vector becomes close to zero. Defaults to 1e-5.
Returns:
    axis_angle: A numpy array of shape (*, 3), where * is any number of additional dimensions. This contains the axis angle representation of rotation.",deepseek-coder:6.7b,,True
42,"def quaternion_to_matrix(quaternion):
    """"""
    Convert a quaternion to a rotation matrix.
    Taken from https://github.com/kornia/kornia, based on
    https://github.com/matthew-brett/transforms3d/blob/8965c48401d9e8e66b6a8c37c65f2fc200a076fa/transforms3d/quaternions.py#L101
    https://github.com/tensorflow/graphics/blob/master/tensorflow_graphics/geometry/transformation/rotation_matrix_3d.py#L247
    :param quaternion (N, 4) expects WXYZ order
    returns rotation matrix (N, 3, 3)
    """"""","Convert a quaternion to a rotation matrix.
    Taken from https://github.com/kornia/kornia, based on
    https://github.com/matthew-brett/transforms3d/blob/8965c48401d9e8e66b6a8c37c65f2fc200a076fa/transforms3d/quaternions.py#L101
    https://github.com/tensorflow/graphics/blob/master/tensorflow_graphics/geometry/transformation/rotation_matrix_3d.py#L247
    :param quaternion (N, 4) expects WXYZ order
    returns rotation matrix (N, 3, 3)",comment_generation,"Args:
    quaternion: A N-by-4 tensor in which each row represents a quaternion with elements in WXYZ order.
Returns:
    rotation_matrix: A N-by-3-by-3 tensor representing the corresponding rotation matrices. The rotation is performed in XYZ order.",deepseek-coder:6.7b,,True
43,"def axis_angle_to_quaternion(axis_angle, eps=1e-5):
    """"""
    This function is borrowed from https://github.com/kornia/kornia
    Convert angle axis to quaternion in WXYZ order
    :param axis_angle (*, 3)
    :returns quaternion (*, 4) WXYZ order
    """"""","This function is borrowed from https://github.com/kornia/kornia
    Convert angle axis to quaternion in WXYZ order
    :param axis_angle (*, 3)
    :returns quaternion (*, 4) WXYZ order",comment_generation,"Args:
    axis_angle: (*, 3), a tensor representing angle and axis of rotation in the format (x, y, z).
Returns:
    quaternion: (*, 4), a tensor representing a quaternion in WXYZ order.",deepseek-coder:6.7b,,True
44,"def matrix_to_quaternion(matrix, eps=1e-6):
    """"""
    This function is borrowed from https://github.com/kornia/kornia
    Convert rotation matrix to 4d quaternion vector
    This algorithm is based on algorithm described in
    https://github.com/KieranWynn/pyquaternion/blob/master/pyquaternion/quaternion.py#L201

    :param matrix (N, 3, 3)
    """"""","This function is borrowed from https://github.com/kornia/kornia
    Convert rotation matrix to 4d quaternion vector
    This algorithm is based on algorithm described in
    https://github.com/KieranWynn/pyquaternion/blob/master/pyquaternion/quaternion.py#L201

    :param matrix (N, 3, 3)",comment_generation,a clean Python docstring for the provided code snippet:,deepseek-coder:6.7b,,True
45,"def description(self):
        """"""Gets the description of this ModifySecurityGroupAttributesRequest.  # noqa: E501


        :return: The description of this ModifySecurityGroupAttributesRequest.  # noqa: E501
        :rtype: str
        """"""","Gets the description of this ModifySecurityGroupAttributesRequest.  # noqa: E501


        :return: The description of this ModifySecurityGroupAttributesRequest.  # noqa: E501
        :rtype: str",comment_generation,"Args:
    self: Instance of the object itself (used to access",deepseek-coder:6.7b,,True
46,"def security_group_id(self):
        """"""Gets the security_group_id of this ModifySecurityGroupAttributesRequest.  # noqa: E501


        :return: The security_group_id of this ModifySecurityGroupAttributesRequest.  # noqa: E501
        :rtype: str
        """"""","Gets the security_group_id of this ModifySecurityGroupAttributesRequest.  # noqa: E501


        :return: The security_group_id of this ModifySecurityGroupAttributesRequest.  # noqa: E501
        :rtype: str",comment_generation,"Args:
    None
Returns:
    str: The security group ID of this ModifySecurityGroupAttributesRequest.  # noqa: E501",deepseek-coder:6.7b,,True
47,"def security_group_name(self):
        """"""Gets the security_group_name of this ModifySecurityGroupAttributesRequest.  # noqa: E501


        :return: The security_group_name of this ModifySecurityGroupAttributesRequest.  # noqa: E501
        :rtype: str
        """"""","Gets the security_group_name of this ModifySecurityGroupAttributesRequest.  # noqa: E501


        :return: The security_group_name of this ModifySecurityGroupAttributesRequest.  # noqa: E501
        :rtype: str",comment_generation,"Args:
    None
Returns:
    str: The security group name of this ModifySecurityGroupAttributesRequest.  # noqa: E501",deepseek-coder:6.7b,,True
48,"def batch_with_padding(
    dataset: tf.data.Dataset,
    batch_size,
    padded_shapes=None,
    padding_id=PAD_ID,
):
  """"""Batches a tf.data.Dataset and adds padding if len(dataset) is not divisible by the batch size.

  Args:
    dataset: tf.data.Dataset
    batch_size: batch size of resulting batched dataset
    padded_shapes: shapes of the padded batches
    padding_id: value for padding, for elements in new batch

  Returns:
  """"""","Batches a tf.data.Dataset and adds padding if len(dataset) is not divisible by the batch size.

  Args:
    dataset: tf.data.Dataset
    batch_size: batch size of resulting batched dataset
    padded_shapes: shapes of the padded batches
    padding_id: value for padding, for elements in new batch

  Returns:",comment_generation,,deepseek-coder:6.7b,,True
49,"def _prepare_state(self, data: dict):
        """"""
        Gathers final state from data['state'], then pads to max_state_dim.
        Return (state, state_mask, n_state_tokens).
        """"""","Gathers final state from data['state'], then pads to max_state_dim.
        Return (state, state_mask, n_state_tokens).",comment_generation,"Args:
    data (dict): A dictionary containing the 'state' key whose value is a list of integers representing the final states.
Returns: 
    tuple: Returns a tuple in the format (state, state_mask, n_state_tokens) where state is the input data['state'] padded to max_state_dim, state_mask and n_state_tokens are additional details for masking or token count.",deepseek-coder:6.7b,,True
50,"def _prepare_action(self, data: dict):
        """"""
        Pad to max_action_dim, return masks.
        """"""","Pad to max_action_dim, return masks.",comment_generation,"Args:
    data (dict): A dictionary containing input data for action preparation.
Returns:
    tuple: A tuple containing two elements - 
       1) The padded input data after padding to max_action_dim, represented as a numpy array.
       2) The mask indicating the valid positions in the padded array.",deepseek-coder:6.7b,,True
51,"def fit_mods_parallel_processes(X, Y, k_exprs, restarts = 5, optimiser = GPy_optimisers[0], max_retries = 1):
    '''Concurrently fit models (from a list of kernels) on the same data in as many processes as there are available processor cores using `multiprocessing`'s `Pool`
    (this function does NOT use GPy's own `parallel` argument, which parallelises within single fits rather than across multiple ones)

    NOTE: Any code calling this function (however many nested levels in) should be within an ""if __name__ == '__main__':"" preamble for full OS-agnostic use.
    '''","Concurrently fit models (from a list of kernels) on the same data in as many processes as there are available processor cores using `multiprocessing`'s `Pool`
    (this function does NOT use GPy's own `parallel` argument, which parallelises within single fits rather than across multiple ones)

    NOTE: Any code calling this function (however many nested levels in) should be within an ""if __name__ == '__main__':"" preamble for full OS-agnostic use.",comment_generation,"Args:
    X (numpy array): Input data matrix
    Y (numpy array): Output/target values corresponding to input data
    k_exprs (list of GPy kernels): List of kernel expressions to fit on the data
    restarts (int, optional): Number of times to restart optimisation. Default is 5
    optimiser (GPy optimiser instance, optional): Optimiser to use for fitting models. Default is the first element in `GPy_optimisers` list
    max_retries (int, optional): Maximum number of retries before raising an exception. Default is 1
Returns:
    dict: A dictionary containing fitted GPy model instances and their corresponding R2 scores",deepseek-coder:6.7b,,True
52,"def connect(networks: dict, timeout: int = 10, retries: int = 5):
    """"""
    connect to wifi access point
    :param: networks: dict of ""ssid"": ""password""
    :param: timeout: a timeout, how long to wait for association
    :return:
    """"""","connect to wifi access point
    :param: networks: dict of ""ssid"": ""password""
    :param: timeout: a timeout, how long to wait for association
    :return:",comment_generation,"Args:
    networks: dict of ""ssid"": ""password"", timeout: int = 10, retries: int = 5
Returns: None",deepseek-coder:6.7b,,True
53,"def id(self):
        """"""Gets the id of this OperationSortResultsScore.


        :return: The id of this OperationSortResultsScore.
        :rtype: str
        """"""","Gets the id of this OperationSortResultsScore.


        :return: The id of this OperationSortResultsScore.
        :rtype: str",comment_generation,"Args:
    self: instance of the class
Returns:
    The id of this OperationSortResultsScore: string type",deepseek-coder:6.7b,,True
54,"def parameters(self):
        """"""Gets the parameters of this OperationSortResultsScore.


        :return: The parameters of this OperationSortResultsScore.
        :rtype: OperationSortResultsScoreParameters
        """"""","Gets the parameters of this OperationSortResultsScore.


        :return: The parameters of this OperationSortResultsScore.
        :rtype: OperationSortResultsScoreParameters",comment_generation,"Args: 
    None
Returns: 
    dict: A dictionary containing the parameters of this operation. The keys are strings and their values could be any type depending on the specifics of OperationSortResultsScoreParameters.",deepseek-coder:6.7b,,True
55,"def get_modified_rows(self):
        """"""Returns list of modified rows if no errors were found, otherwise
        empty list.
        """"""","Returns list of modified rows if no errors were found, otherwise
        empty list.",comment_generation,"Args:
    self
Returns:
    List: A list of modified rows or an empty list if no errors were found.",deepseek-coder:6.7b,,True
56,"def get_hierarchy(self, row):
        """"""Returns list representing hierarchy in the row.
        
        Arguments:
        row -- data row
        """"""","Returns list representing hierarchy in the row.
        
        Arguments:
        row -- data row",comment_generation,"""Returns a list representing hierarchy in the given row. The function takes a single argument which is a data row.""",deepseek-coder:6.7b,,True
57,"def create_hierarchy_rows(self, new_hierarchy, row_len):
        """"""Returns rows list of hierarchy rows that should be put inside
        data to show new_hierarchy. If hierarchy rows have been added for
        new_hierarchy already, empty list will be returned. Hierarchy rows
        will be have not empty: id(if created), type, name and summable fields.
        
        Arguments:
        new_hierarchy -- list representing hierarchy in row in data 
        row_len -- length of that row, needed create correct hierarchy row
        """"""","Returns rows list of hierarchy rows that should be put inside
        data to show new_hierarchy. If hierarchy rows have been added for
        new_hierarchy already, empty list will be returned. Hierarchy rows
        will be have not empty: id(if created), type, name and summable fields.
        
        Arguments:
        new_hierarchy -- list representing hierarchy in row in data 
        row_len -- length of that row, needed create correct hierarchy row",comment_generation,"Returns rows list of hierarchy rows that should be put inside
data to show new_hierarchy. If hierarchy rows have been added for
new_hierarchy already, empty list will be returned. Hierarchy rows
will be have not empty: id(if created), type, name and summable fields.
Arguments:
new_hierarchy -- list representing hierarchy in row in data 
row_len -- length of that row, needed create correct hierarchy row",deepseek-coder:6.7b,,True
58,"def get_hierarchy_node(self, hierarchy):
        """"""Returns HierarchyNode representing hierarchy. If there was not
        created node representing this hierarchy, None is returned.
        
        Arguments:
        hierarchy - hierarchy list
        """"""","Returns HierarchyNode representing hierarchy. If there was not
        created node representing this hierarchy, None is returned.
        
        Arguments:
        hierarchy - hierarchy list",comment_generation,"Args:
    hierarchy: list of hierarchies to be represented
Returns:
    HierarchyNode: node representing hierarchy if it was created, otherwise None",deepseek-coder:6.7b,,True
59,"def get_full_id(self, hierarchy):
        """"""Returns id for row with specified hierarchy. If there is no node
        representing such a hierarchy, HierarchyError is thrown.
        
        Arguments:
        hierarchy -- hierarchy list 
        """"""","Returns id for row with specified hierarchy. If there is no node
        representing such a hierarchy, HierarchyError is thrown.
        
        Arguments:
        hierarchy -- hierarchy list",comment_generation,"Args:
    hierarchy: hierarchy list 
Returns: id for row with specified hierarchy; throws HierarchyError if no node representing such a hierarchy is found",deepseek-coder:6.7b,,True
60,"def get_parent_id(self, id):
        """"""Returns id of parent of row with given id. If this row has
        no parent, None is returned.
        
        Parameters:
        id -- id of child
        """"""","Returns id of parent of row with given id. If this row has
        no parent, None is returned.
        
        Parameters:
        id -- id of child",comment_generation,"Args:
    id: The id of the child row to find the parent for.
Returns:
    int or None: If a valid parent is found, it returns its id as an integer. Otherwise, it returns None.",deepseek-coder:6.7b,,True
61,"def get_child(self, key):
        """"""Returns child node with given id. If there is no node with this
        id, None is returned.
        
        Arguments:
        key -- id connected with child node
        """"""","Returns child node with given id. If there is no node with this
        id, None is returned.
        
        Arguments:
        key -- id connected with child node",comment_generation,"Args:
    key: id connected with child node
Returns:
    Node or None",deepseek-coder:6.7b,,True
62,"def has_child(self, key):
        """"""Returns True, if there is node connected with value key,
        otherwise False.
        
        Arguments:
        key -- id connected with child node
        """"""","Returns True, if there is node connected with value key,
        otherwise False.
        
        Arguments:
        key -- id connected with child node",comment_generation,"Args:
    key: The ID to be checked for existence in the tree structure.
Returns:
    bool: Whether there is a node connected with value key or not. If yes, returns True; otherwise False.",deepseek-coder:6.7b,,True
63,"def get_teryt_object(self, woj_code, pow_code=None, gm_code=None):
        """"""Returns dict representing teritorial unit which code is
        woj_code[ + pow_code[ + gm_code]]. If such a unit cannot be found,
        None is returned.
        
        Arguments:
        woj_code -- code of unit's wojewodztwo
        pow_code -- code of unit's powiat
        gm_code -- code of unit's gmina
        """"""","Returns dict representing teritorial unit which code is
        woj_code[ + pow_code[ + gm_code]]. If such a unit cannot be found,
        None is returned.
        
        Arguments:
        woj_code -- code of unit's wojewodztwo
        pow_code -- code of unit's powiat
        gm_code -- code of unit's gmina",comment_generation,"""Returns dict representing teritorial unit which code is woj_code[ + pow_code[ + gm_code]]. If such a unit cannot be found, None is returned.""",deepseek-coder:6.7b,,True
64,"def get_teryt_name(self, code):
        """"""Returns name of teritorial unit which code is
        woj_code[ + pow_code[ + gm_code]]. If such a unit cannot be found,
        None is returned.
        
        Arguments:
        code -- unit's TERYT code
        """"""","Returns name of teritorial unit which code is
        woj_code[ + pow_code[ + gm_code]]. If such a unit cannot be found,
        None is returned.
        
        Arguments:
        code -- unit's TERYT code",comment_generation,"Args:
Returns:
    str: name of the territorial unit if such a unit exists, otherwise None",deepseek-coder:6.7b,,True
65,"def get_teryt_id(self, hierarchy):
        """"""Returns teryt id of teritorial unit represented by hierarchy.
        Letters in hierarchy strings are lowercased and changed so that
        they could be in the same form as they are expected.
        If such a unit can not be found, returns None.
        
        Arguments:
        hierarchy -- list containing name of unit's wojewodztwo,
                     powiat(optionally) and gmina(optionally)
        """"""","Returns teryt id of teritorial unit represented by hierarchy.
        Letters in hierarchy strings are lowercased and changed so that
        they could be in the same form as they are expected.
        If such a unit can not be found, returns None.
        
        Arguments:
        hierarchy -- list containing name of unit's wojewodztwo,
                     powiat(optionally) and gmina(optionally)",comment_generation,,deepseek-coder:6.7b,,True
66,"def find_highest_id(self, objects):
        """"""Returns highest id of objects in list.
        
        Argument:
        objects -- list of objects that have id value
        """"""","Returns highest id of objects in list.
        
        Argument:
        objects -- list of objects that have id value",comment_generation,"Args:
    objects: list of objects with 'id' attribute
Returns:
    int: highest id among all objects in the input list",deepseek-coder:6.7b,,True
67,"def correct_powiat_name(self, full_name):
        """"""Returns only powiat's name, without 'powiat' part, 'm. st.'
        
        Arguments:
        full_name -- full name of powiat
        """"""","Returns only powiat's name, without 'powiat' part, 'm. st.'
        
        Arguments:
        full_name -- full name of powiat",comment_generation,"Args:
    full_name: Full name of powiat
Returns:
    str: Powiat's name without 'powiat', 'm. st.'",deepseek-coder:6.7b,,True
68,"def correct_gmina_name(self, full_name):
        """"""Returns only gmina's name, without 'm.' part.
        
        Arguments:
        full_name -- full name of gmina
        """"""","Returns only gmina's name, without 'm.' part.
        
        Arguments:
        full_name -- full name of gmina",comment_generation,"Args:
    full_name: Full name of the gmina
Returns:
    Only gmina's name without 'm.' part",deepseek-coder:6.7b,,True
69,"def step(self):
        """"""
        Update the iteration count and calculate alpha for alpha decay.
        """"""",Update the iteration count and calculate alpha for alpha decay.,comment_generation,"Args:
    self: The instance of the class.
Returns:
    None",deepseek-coder:6.7b,,True
70,"def sample_object_count(self):
        """"""
        Sample the number of objects to place on this particular furniture unit.
        :return: Number of objects.
        """"""","Sample the number of objects to place on this particular furniture unit.
        :return: Number of objects.",comment_generation,"Args:
    self: The instance of the",deepseek-coder:6.7b,,True
71,"def choose_workspace(self):
        """"""
        Choose a workspace to place the objects on. Sampling is weighted based on the workspace area, so that it is
            more likely to place objects on large workspaces than small ones.
        :return: Index of the chosen workspace.
        """"""","Choose a workspace to place the objects on. Sampling is weighted based on the workspace area, so that it is
            more likely to place objects on large workspaces than small ones.
        :return: Index of the chosen workspace.",comment_generation,"Args:
    self: Instance of the",deepseek-coder:6.7b,,True
72,"def uniform_rejection_sampling(self, hull, hull_path):
        """"""
        Perform uniform rejection sampling to uniformly sample points within the hull.
        :param hull: Workspace hull.
        :param hull_path: Path of the hull border, used to check if a point lies within the hull.
        :return: x, y position of the sampled point.
        """"""","Perform uniform rejection sampling to uniformly sample points within the hull.
        :param hull: Workspace hull.
        :param hull_path: Path of the hull border, used to check if a point lies within the hull.
        :return: x, y position of the sampled point.",comment_generation,"Perform uniform rejection sampling to uniformly sample points within the hull.
Args:
    hull: Workspace hull.
    hull_path: Path of the hull border, used to check if a point lies within the hull.
Returns:
    x, y position of the sampled point.",deepseek-coder:6.7b,,True
73,"def sample_among_workspace(self):
        """"""
        Sample an object position in the object workspaces.
        :return: x, y, z of object pose.
        """"""","Sample an object position in the object workspaces.
        :return: x, y, z of object pose.",comment_generation,"Args:
    self: Instance of the",deepseek-coder:6.7b,,True
74,"def load(cls, filename):
        """"""
        Load an ObjectWorkspace object from a .pkl file.
        :param filename: Path to the .pkl file to load the ObjectWorkspace from.
        """"""","Load an ObjectWorkspace object from a .pkl file.
        :param filename: Path to the .pkl file to load the ObjectWorkspace from.",comment_generation,"Args:
    filename: Path to the .pkl file to load the ObjectWorkspace from.",deepseek-coder:6.7b,,True
75,"def get_camera_samples(self):
        """"""
        Sample the number of images to render for this particular furniture unit.
        :return: Number of images.
        """"""","Sample the number of images to render for this particular furniture unit.
        :return: Number of images.",comment_generation,"Args:
    self: Instance of the class.
Returns:
    int: Number of images.",deepseek-coder:6.7b,,True
76,"def mesh_volume(self):
        """"""
        Calculate volume of the furniture mesh, used for sampling the number of images.
        :return: Mesh volume
        """"""","Calculate volume of the furniture mesh, used for sampling the number of images.
        :return: Mesh volume",comment_generation,"Args:
    self
Returns:
    float: Volume of the mesh in square meters",deepseek-coder:6.7b,,True
77,"def sample_camera_points(self):
        """"""
        Sample a full pose of the camera with a camera origin and a look-to-point.
        :return: Camera origin, look-to-point
        """"""","Sample a full pose of the camera with a camera origin and a look-to-point.
        :return: Camera origin, look-to-point",comment_generation,"Args:
    self: instance of",deepseek-coder:6.7b,,True
78,"def sample_from_pixel_grid(self, region, height):
        """"""
        Uniformly samples a 3D pose from a pixelised 2D region and a height range.
        :param region: Pixelised grid to sample from, with 1's indicating region and 0's indicating no-region pixels.
        :param height: Minimum and maximum height to sample from
        :return: 3D coordinates (x, y, z)
        """"""","Uniformly samples a 3D pose from a pixelised 2D region and a height range.
        :param region: Pixelised grid to sample from, with 1's indicating region and 0's indicating no-region pixels.
        :param height: Minimum and maximum height to sample from
        :return: 3D coordinates (x, y, z)",comment_generation,"Args:
    region: Pixelised grid to sample from, with 1's indicating region and 0's indicating no-region pixels.
    height: Minimum and maximum height to sample from
Returns: 3D coordinates (x, y, z)",deepseek-coder:6.7b,,True
79,"def load(cls, filename):
        """"""
        Load an CameraSampleSpace object from a .pkl file.
        :param filename: Path to the .pkl file to load the CameraSampleSpace from.
        """"""","Load an CameraSampleSpace object from a .pkl file.
        :param filename: Path to the .pkl file to load the CameraSampleSpace from.",comment_generation,"Args:
    filename (str): The path to the .pkl file to load the CameraSampleSpace from.
Returns:
    CameraSampleSpace object: The loaded CameraSampleSpace object.",deepseek-coder:6.7b,,True
80,"def is_object_in_air(segmask, body_uid):
    """"""
    From the segmask image from a parallel projection, check if the object is balancing over the edge of the workspace.
    :param segmask: Parallel projection segmask image.
    :param body_uid: Physics simulation UID of the body.
    :return: True if object is balancing over workspace, False otherwise.
    """"""","From the segmask image from a parallel projection, check if the object is balancing over the edge of the workspace.
    :param segmask: Parallel projection segmask image.
    :param body_uid: Physics simulation UID of the body.
    :return: True if object is balancing over workspace, False otherwise.",comment_generation,"Args:
    segmask: Parallel projection segmask image.
    body_uid: Physics simulation UID of the body.
Returns:
    bool: True if object is balancing over workspace, False otherwise.",deepseek-coder:6.7b,,True
81,"def get_tensor_list(root_dir):
    """"""
    Gather all tensor identifiers in the dataset.
    :param root_dir: Path to the dataset.
    :return: Numpy array of all points in the dataset.
    """"""","Gather all tensor identifiers in the dataset.
    :param root_dir: Path to the dataset.
    :return: Numpy array of all points in the dataset.",comment_generation,"Args:
    root_dir: Absolute path to the directory containing the tensor files.
Returns:
    np.array: Array with paths to each tensor file located under the root directory.",deepseek-coder:6.7b,,True
82,"def depth_encoding(image, vmin=0.2, vmax=2.0):
    """"""
    Enocde a depth image into a jet-colourscale RGB image
    :param image: depth image
    :param vmin: minimum visible depth in RGB image
    :param vmax: maximum visible depth in RGB image
    :return: RGB image
    """"""","Enocde a depth image into a jet-colourscale RGB image
    :param image: depth image
    :param vmin: minimum visible depth in RGB image
    :param vmax: maximum visible depth in RGB image
    :return: RGB image",comment_generation,"Args:
    image: depth image,
    vmin: minimum visible depth in RGB image (default is 0.2),
    vmax: maximum visible depth in RGB image (default is 2.0)
Returns:
    type: RGB image",deepseek-coder:6.7b,,True
83,"def get(self, df: DataFrame, *mask):
		""""""
		Return result from the masks request
		""""""",Return result from the masks request,comment_generation,"Args:
    df: Input pandas dataframe for operations.
    mask: Variable length argument to apply different kinds of filters on dataframe
Returns:
    DataFrame: Returns a filtered pandas dataframe based on the input masks",deepseek-coder:6.7b,,True
84,"def __init__(self, knowledge_base_dir: str, db_directory: str):
        """"""
        Initialize the knowledge indexer.
        
        Args:
            knowledge_base_dir: Directory containing knowledge base JSON files
            db_directory: Directory to store the vector database
        """"""","Initialize the knowledge indexer.
        
        Args:
            knowledge_base_dir: Directory containing knowledge base JSON files
            db_directory: Directory to store the vector database",comment_generation,,deepseek-coder:6.7b,,True
85,"def get_device_endpoint(device_uuid: str):
    """"""
    Get device information by UUID.
    
    **Authentication**: Requires valid API key (ADMIN ONLY)
    
    **Path Parameters**:
    - `device_uuid`: Device UUID
    
    **Returns**: Device information
    """"""","Get device information by UUID.
    
    **Authentication**: Requires valid API key (ADMIN ONLY)
    
    **Path Parameters**:
    - `device_uuid`: Device UUID
    
    **Returns**: Device information",comment_generation,"Args:
    device_uuid: Device UUID 
(blank line)
Returns:
    dict: Device information",deepseek-coder:6.7b,,True
86,"def parse_arguments():
    """"""_Parse commandline arguments to the Uploader_
       
       Args:
            none
        Returns:
            _dict_: A dict object with two parameters, 'data' and 'yml',
                    indicating the location of the data files to be used,
                    and the yaml document used for validation.
    """"""","_Parse commandline arguments to the Uploader_
       
       Args:
            none
        Returns:
            _dict_: A dict object with two parameters, 'data' and 'yml',
                    indicating the location of the data files to be used,
                    and the yaml document used for validation.",comment_generation,"Args:
    none
Returns:
    dict: A dictionary object with two parameters 'data' and 'yml', indicating the location of the data files to be used, and the yaml document used for validation.",deepseek-coder:6.7b,,True
87,"def dump_config(self):
        """"""Return a dictionary of configuration parameters.

        These configuration parameters can be used to reconstruct the
        feature extractor, using ``slideflow.build_feature_extractor()``.

        """"""","Return a dictionary of configuration parameters.

        These configuration parameters can be used to reconstruct the
        feature extractor, using ``slideflow.build_feature_extractor()``.",comment_generation,"Args:
    none
Returns:
    dict: A dictionary containing configuration parameters for reconstruction of the feature extractor.",deepseek-coder:6.7b,,True
88,"def value(self, conf_matrix):
        """"""Computes the IoU and mean IoU.

        The mean computation ignores NaN elements of the IoU array.

        Returns:
            Tuple: (IoU, mIoU). The first output is the per class IoU,
            for K classes it's numpy.ndarray with K elements. The second output,
            is the mean IoU.
        """"""","Computes the IoU and mean IoU.

        The mean computation ignores NaN elements of the IoU array.

        Returns:
            Tuple: (IoU, mIoU). The first output is the per class IoU,
            for K classes it's numpy.ndarray with K elements. The second output,
            is the mean IoU.",comment_generation,"Args:
    conf_matrix: Confusion matrix (2D array) of size n x 2 or higher where each row represents a sample and columns represent actual and predicted",deepseek-coder:6.7b,,True
89,"def transform(self, texts, 
                    to_lower            = False,
                    # Remove
                    rm_email_formatting = False, 
                    rm_email_header     = False,
                    rm_email_footer     = False, 
                    rm_punctuation      = False,
                    # Placeholders
                    rp_generic          = False, 
                    rp_num              = False,
                    # Tokenize
                    lemmatize           = False,
                    rm_stopwords        = False,
                    return_token        = False,
                    # Whitespace
                    remove_whitespace   = True
                ):
        """"""Main run function for cleaning process""""""",Main run function for cleaning process,comment_generation,"Args:
- texts (list of str): A list of text strings to be cleaned
- to_lower (bool, optional): Whether to convert all characters to lowercase or not. Default is False.
- rm_email_formatting (bool, optional): Whether to remove email formatting like angle brackets and periods in the middle of words. Default is False.
- rm_email_header (bool, optional): Whether to remove headers from emails. Default is False.
- rm_email_footer (bool, optional): Whether to remove footers from emails. Default is False.
- rm_punctuation (bool, optional): Whether to remove punctuation marks. Default is False.
- rp_generic (str or bool, optional): If a string, replace all occurrences of this substring with the generic placeholder. If True, use the default placeholder ""REDACTED"". Default is False.
- rp_num (bool, optional): Whether to replace numbers with a specific number placeholder. Default is False.
- lemmatize (bool, optional): Whether to convert words to their base form or not. Default is False.
- rm_stopwords (bool, optional): Whether to remove common words that usually do not carry much meaningful information. Default is False.
- return_token (bool, optional): Whether to return the cleaned texts as a list of tokens (words). Default is False.
- remove_whitespace (bool, optional): Whether to remove all whitespaces including tabs and newlines. Default is True.
Returns:
- list of str or str: If `return_token` is set to True, return the cleaned texts as a list of tokens; otherwise, return the cleaned texts as one long string. The cleaning process will be done based on the input arguments provided.",deepseek-coder:6.7b,,True
90,"def sql(self, txn):
        """"""Persist our data to the database

        Args:
          txn: Database cursor

        Returns:
          int number of inserts made to the database
        """"""","Persist our data to the database

        Args:
          txn: Database cursor

        Returns:
          int number of inserts made to the database",comment_generation,"""Persist our data to the database. Args: txn (Database cursor). Returns: int number of inserts made to the database.""",deepseek-coder:6.7b,,True
91,"def from_file(filename, requestOptions={}):
    """"""
    Detects language of the file
    :param filename: path to file whose language needs to be detected
    :return:
    """"""","Detects language of the file
    :param filename: path to file whose language needs to be detected
    :return:",comment_generation,"Args:
    filename: Path to file whose language needs to be detected
    requestOptions: Dictionary containing options for API requests (default is empty dictionary)
(blank line)
Returns:
    str: Detected language of the file",deepseek-coder:6.7b,,True
92,"def from_buffer(string, requestOptions={}):
    """"""
    Detects language of content in the buffer
    :param string: buffered data
    :return:
    """"""","Detects language of content in the buffer
    :param string: buffered data
    :return:",comment_generation,"Args:
    string: Buffered data
    requestOptions: Optional dictionary containing additional request options (default is {})
(blank line)
Returns:
    str: Detected language of content in the buffer",deepseek-coder:6.7b,,True
93,"def __init__(self, config: CpolarConfig):
        """"""
        Initialize SSH manager with configuration
        
        Args:
            config: CpolarConfig object
        """"""","Initialize SSH manager with configuration
        
        Args:
            config: CpolarConfig object",comment_generation,a clean Python docstring for the provided code without explanations and in the exact format requested:,deepseek-coder:6.7b,,True
94,"def collate_fn(batch):
    """"""
    batch should be a list of (sequence, target, length) tuples...
    Returns a padded tensor of sequences sorted from longest to shortest,
    """"""","batch should be a list of (sequence, target, length) tuples...
    Returns a padded tensor of sequences sorted from longest to shortest,",comment_generation,"Args:
    batch: A list of (sequence, target, length) tuples where sequence is a 1D Tensor that contains token IDs, target is a scalar containing the target label for the sentence and length is a scalar containing the length of the sentence.
Returns:
    A padded tensor of sequences sorted from longest to shortest.",deepseek-coder:6.7b,,True
95,"def convert_examples_to_features(examples, label_list, max_seq_length, tokenizer,
                                 cls_token_at_end=False, cls_token=""[CLS]"", cls_token_segment_id=1,
                                 sep_token=""[SEP]"", pad_on_left=False, pad_token=0, pad_token_segment_id=0,
                                 sequence_a_segment_id=0, mask_padding_with_zero=True, ):
    """""" Loads a data file into a list of `InputBatch`s
        `cls_token_at_end` define the location of the CLS token:
            - False (Default, BERT/XLM pattern): [CLS] + A + [SEP] + B + [SEP]
            - True (XLNet/GPT pattern): A + [SEP] + B + [SEP] + [CLS]
        `cls_token_segment_id` define the segment id associated to the CLS token (0 for BERT, 2 for XLNet)
    """"""","Loads a data file into a list of `InputBatch`s
        `cls_token_at_end` define the location of the CLS token:
            - False (Default, BERT/XLM pattern): [CLS] + A + [SEP] + B + [SEP]
            - True (XLNet/GPT pattern): A + [SEP] + B + [SEP] + [CLS]
        `cls_token_segment_id` define the segment id associated to the CLS token (0 for BERT, 2 for XLNet)",comment_generation,"Args:
    examples: A list of InputExample objects containing the inputs and labels.
    label_list: The list of all possible labels.
    max_seq_length: Maximum length of sequences.
    tokenizer: An instance of a tokenizer that can be used to process text data.
    cls_token_at_end: A boolean indicating whether the CLS token should be added at the end or not.
    cls_token: The string representing the CLS token.
    cls_token_segment_id: The segment id associated with the CLS token.
    sep_token: The string representing the SEP token.
    pad_on_left: A boolean indicating whether padding should be added on the left or not.
    pad_token: The value to use for padding.
    pad_token_segment_id: The segment id associated with the pad token.
    sequence_a_segment_id: The segment id for the first sequence in a pair.
    mask_padding_with_zero: A boolean indicating whether padding tokens should be masked or not.
Returns:
    A list of `InputBatch` objects prepared from the input examples, ready to be fed into a model.",deepseek-coder:6.7b,,True
96,"def draw_energy_curve(self, unit: str = ""hartree""):
        """"""
        Draw the energy curve of the QM calculation.

        Parameters:
            unit (str, optional): The unit of the energy. Defaults to ""hartree"".

        Returns:
            matplotlib.axes.Axes: The axes of the energy curve plot.
        """"""","Draw the energy curve of the QM calculation.

        Parameters:
            unit (str, optional): The unit of the energy. Defaults to ""hartree"".

        Returns:
            matplotlib.axes.Axes: The axes of the energy curve plot.",comment_generation,"Args:
    unit (str, optional): The unit of the energy. Defaults to ""hartree"".
Returns:
    matplotlib.axes.Axes: The axes of the energy curve plot.",deepseek-coder:6.7b,,True
97,"def maybe_download():
    """"""
    Download the VGG16 model from the internet if it does not already
    exist in the data_dir. The file is about 550 MB.
    """"""","Download the VGG16 model from the internet if it does not already
    exist in the data_dir. The file is about 550 MB.",comment_generation,"Args:
    data_dir: The directory where the model will be downloaded to.
Returns:
    str: A message indicating whether or not the download was successful.",deepseek-coder:6.7b,,True
98,"def get_layer_tensors(self, layer_ids):
        """"""
        Return a list of references to the tensors for the layers with the given id's.
        """"""",Return a list of references to the tensors for the layers with the given id's.,comment_generation,"Args:
    layer_ids: A list of integers representing the IDs of the layers whose tensor references are required.
Returns:
    type: A list of Tensors for each layer with the given id's.",deepseek-coder:6.7b,,True
99,"def get_layer_names(self, layer_ids):
        """"""
        Return a list of names for the layers with the given id's.
        """"""",Return a list of names for the layers with the given id's.,comment_generation,"Args:
    layer_ids: A list or tuple of integers representing the IDs of the layers whose names are to be returned.
(blank line)
Returns:
    List: A list of strings, where each string is a name corresponding to one of the inputted layer IDs. The order of this output corresponds to the order of the input layer_ids parameter. If an ID does not correspond to any known layers, it will be represented as ""Layer Not Found"".",deepseek-coder:6.7b,,True
